{
  "BTC_1h": {
    "entry_params": {
      "up_price_min": 0.001,
      "up_price_max": 0.999,
      "down_price_min": 0.015,
      "down_price_max": 0.999,
      "momentum_window_s": 5.0,
      "momentum_threshold": 0.0,
      "mode": "none"
    },
    "size_params": {
      "bin_edges": [
        0.0,
        0.05,
        0.1,
        0.15000000000000002,
        0.2,
        0.25,
        0.30000000000000004,
        0.35000000000000003,
        0.4,
        0.45,
        0.5,
        0.55,
        0.6000000000000001,
        0.65,
        0.7000000000000001,
        0.75,
        0.8,
        0.8500000000000001,
        0.9,
        0.9500000000000001,
        1.0
      ],
      "size_table": {
        "(-0.001, 0.05]": 10.0,
        "(0.05, 0.1]": 11.995000000000001,
        "(0.1, 0.15]": 10.0,
        "(0.15, 0.2]": 10.0,
        "(0.2, 0.25]": 9.26,
        "(0.25, 0.3]": 10.0,
        "(0.3, 0.35]": 10.32715,
        "(0.35, 0.4]": 11.0,
        "(0.4, 0.45]": 10.0,
        "(0.45, 0.5]": 11.0,
        "(0.5, 0.55]": 10.0,
        "(0.55, 0.6]": 11.0,
        "(0.6, 0.65]": 12.0,
        "(0.65, 0.7]": 12.0,
        "(0.7, 0.75]": 11.0,
        "(0.75, 0.8]": 10.08,
        "(0.8, 0.85]": 10.0,
        "(0.85, 0.9]": 8.0,
        "(0.9, 0.95]": 12.0,
        "(0.95, 1.0]": 8.0
      },
      "size_table_mean": {
        "(-0.001, 0.05]": 10.298666666666666,
        "(0.05, 0.1]": 10.266902,
        "(0.1, 0.15]": 10.240175,
        "(0.15, 0.2]": 9.027268452380952,
        "(0.2, 0.25]": 8.904011409395972,
        "(0.25, 0.3]": 9.113525252525253,
        "(0.3, 0.35]": 9.448255649717513,
        "(0.35, 0.4]": 10.132050628930818,
        "(0.4, 0.45]": 9.355947619047619,
        "(0.45, 0.5]": 10.15418272251309,
        "(0.5, 0.55]": 9.583928464977644,
        "(0.55, 0.6]": 10.074621654929578,
        "(0.6, 0.65]": 10.791350786163523,
        "(0.65, 0.7]": 10.809670612244897,
        "(0.7, 0.75]": 10.286188524590164,
        "(0.75, 0.8]": 9.271661240310078,
        "(0.8, 0.85]": 9.321198780487805,
        "(0.85, 0.9]": 8.365009803921568,
        "(0.9, 0.95]": 9.31304347826087,
        "(0.95, 1.0]": 7.9425
      },
      "conditioning_var": null
    },
    "inventory_params": {
      "rebalance_ratio_R": 0.15776838138530377,
      "max_up_shares": 28516.512999999955,
      "max_down_shares": 27206.516599999974,
      "max_total_shares": 55723.02959999993
    },
    "cadence_params": {
      "min_inter_trade_ms": 0.0,
      "p50_inter_trade_ms": 0.0,
      "p95_inter_trade_ms": 30000.0,
      "max_trades_per_sec": 81,
      "max_trades_per_min": 155
    },
    "confidence": {
      "n_watch_trades": 5662,
      "entry_rule_precision": 1.0,
      "entry_rule_recall": 0.12734115563427054,
      "size_table_bucket_variance": 1.2852812495687505,
      "entry_precision": 0.16899595439499815,
      "entry_recall": 0.16231013776050865,
      "size_mape": 523.800090334459
    }
  },
  "ETH_15m": {
    "entry_params": {
      "up_price_min": 0.015,
      "up_price_max": 0.995,
      "down_price_min": 0.01,
      "down_price_max": 0.99,
      "momentum_window_s": 5.0,
      "momentum_threshold": 0.0,
      "mode": "none"
    },
    "size_params": {
      "bin_edges": [
        0.0,
        0.05,
        0.1,
        0.15000000000000002,
        0.2,
        0.25,
        0.30000000000000004,
        0.35000000000000003,
        0.4,
        0.45,
        0.5,
        0.55,
        0.6000000000000001,
        0.65,
        0.7000000000000001,
        0.75,
        0.8,
        0.8500000000000001,
        0.9,
        0.9500000000000001,
        1.0
      ],
      "size_table": {
        "(-0.001, 0.05]": 6.26,
        "(0.05, 0.1]": 8.0,
        "(0.1, 0.15]": 5.3977,
        "(0.15, 0.2]": 5.9524,
        "(0.2, 0.25]": 6.57,
        "(0.25, 0.3]": 9.0,
        "(0.3, 0.35]": 9.99,
        "(0.35, 0.4]": 9.99,
        "(0.4, 0.45]": 9.0,
        "(0.45, 0.5]": 11.0,
        "(0.5, 0.55]": 11.0,
        "(0.55, 0.6]": 10.2041,
        "(0.6, 0.65]": 10.86,
        "(0.65, 0.7]": 11.4286,
        "(0.7, 0.75]": 9.0,
        "(0.75, 0.8]": 10.05,
        "(0.8, 0.85]": 8.9,
        "(0.85, 0.9]": 9.0,
        "(0.9, 0.95]": 11.25,
        "(0.95, 1.0]": 10.0
      },
      "size_table_mean": {
        "(-0.001, 0.05]": 7.0320347826086955,
        "(0.05, 0.1]": 7.592722285714286,
        "(0.1, 0.15]": 7.080048714810282,
        "(0.15, 0.2]": 7.212377546777548,
        "(0.2, 0.25]": 7.969328660968661,
        "(0.25, 0.3]": 9.005277050473186,
        "(0.3, 0.35]": 9.453781747404845,
        "(0.35, 0.4]": 9.37811210114389,
        "(0.4, 0.45]": 9.483034774881517,
        "(0.45, 0.5]": 10.51793716525147,
        "(0.5, 0.55]": 10.22287179331307,
        "(0.55, 0.6]": 10.228409912339853,
        "(0.6, 0.65]": 10.216586544741999,
        "(0.65, 0.7]": 10.503933050847458,
        "(0.7, 0.75]": 8.874741257995735,
        "(0.75, 0.8]": 9.746049111807732,
        "(0.8, 0.85]": 8.968211956521738,
        "(0.85, 0.9]": 9.046894789579158,
        "(0.9, 0.95]": 10.104525146198831,
        "(0.95, 1.0]": 10.295438532110092
      },
      "conditioning_var": null
    },
    "inventory_params": {
      "rebalance_ratio_R": 0.8223138852607794,
      "max_up_shares": 105207.7029999993,
      "max_down_shares": 93900.00699999976,
      "max_total_shares": 199107.70999999906
    },
    "cadence_params": {
      "min_inter_trade_ms": 0.0,
      "p50_inter_trade_ms": 0.0,
      "p95_inter_trade_ms": 8000.0,
      "max_trades_per_sec": 169,
      "max_trades_per_min": 361
    },
    "confidence": {
      "n_watch_trades": 21491,
      "entry_rule_precision": 1.0,
      "entry_rule_recall": 0.10336908629667542,
      "size_table_bucket_variance": 3.2106381214,
      "entry_precision": 0.11595855907233153,
      "entry_recall": 0.11353589874831324,
      "size_mape": 275.54979878174606
    }
  },
  "BTC_15m": {
    "entry_params": {
      "up_price_min": 0.01,
      "up_price_max": 0.995,
      "down_price_min": 0.01,
      "down_price_max": 0.995,
      "momentum_window_s": 5.0,
      "momentum_threshold": 0.0,
      "mode": "none"
    },
    "size_params": {
      "bin_edges": [
        0.0,
        0.05,
        0.1,
        0.15000000000000002,
        0.2,
        0.25,
        0.30000000000000004,
        0.35000000000000003,
        0.4,
        0.45,
        0.5,
        0.55,
        0.6000000000000001,
        0.65,
        0.7000000000000001,
        0.75,
        0.8,
        0.8500000000000001,
        0.9,
        0.9500000000000001,
        1.0
      ],
      "size_table": {
        "(-0.001, 0.05]": 7.0,
        "(0.05, 0.1]": 6.95,
        "(0.1, 0.15]": 6.74,
        "(0.15, 0.2]": 6.0723,
        "(0.2, 0.25]": 6.0,
        "(0.25, 0.3]": 6.6,
        "(0.3, 0.35]": 7.0,
        "(0.35, 0.4]": 8.0,
        "(0.4, 0.45]": 8.0,
        "(0.45, 0.5]": 8.12,
        "(0.5, 0.55]": 9.0,
        "(0.55, 0.6]": 9.0,
        "(0.6, 0.65]": 10.0,
        "(0.65, 0.7]": 10.0,
        "(0.7, 0.75]": 10.34,
        "(0.75, 0.8]": 10.0,
        "(0.8, 0.85]": 10.0,
        "(0.85, 0.9]": 10.0,
        "(0.9, 0.95]": 13.5,
        "(0.95, 1.0]": 15.0
      },
      "size_table_mean": {
        "(-0.001, 0.05]": 10.05431230486685,
        "(0.05, 0.1]": 10.466985169326586,
        "(0.1, 0.15]": 10.001585194514414,
        "(0.15, 0.2]": 10.171948739873988,
        "(0.2, 0.25]": 9.635113273631841,
        "(0.25, 0.3]": 10.264373784087713,
        "(0.3, 0.35]": 10.538334362307067,
        "(0.35, 0.4]": 11.037229973984843,
        "(0.4, 0.45]": 11.204562055628703,
        "(0.45, 0.5]": 11.606243876622841,
        "(0.5, 0.55]": 11.932330717533109,
        "(0.55, 0.6]": 11.95467973886471,
        "(0.6, 0.65]": 13.13158078528366,
        "(0.65, 0.7]": 13.249636894537959,
        "(0.7, 0.75]": 13.419863067190228,
        "(0.75, 0.8]": 12.780660781880236,
        "(0.8, 0.85]": 13.025240296204876,
        "(0.85, 0.9]": 12.650527770300583,